
{
   "teams":[
      [
         {
            "name":"Team Flawed Bot",
            "teamlogo":"http://themes.pixiesquad.com/pixiefreak/twisting-nether/wp-content/uploads/2018/10/team_logo_01.png"
         },
         {
            "name":"riyan",
            "teamlogo":"http://themes.pixiesquad.com/pixiefreak/twisting-nether/wp-content/uploads/2018/10/team_logo_03.png"
         }
      ],
      [
         {
            "name":"Fnatic eSports",
            "teamlogo":"http://themes.pixiesquad.com/pixiefreak/twisting-nether/wp-content/uploads/2018/10/team_logo_06.png"
         },
         {
            "name":"sundar",
            "teamlogo":"http://themes.pixiesquad.com/pixiefreak/twisting-nether/wp-content/uploads/2018/10/team_logo_02.png"
         }
      ],
      [
         {
            "name":"kumaran",
            "teamlogo":"http://themes.pixiesquad.com/pixiefreak/twisting-nether/wp-content/uploads/2018/10/team_logo_06.png"
         },
         {
            "name":"aravind",
            "teamlogo":"http://themes.pixiesquad.com/pixiefreak/twisting-nether/wp-content/uploads/2018/10/team_logo_02.png"
         }
      ],
      [
         {
            "name":"seenu",
            "teamlogo":"http://themes.pixiesquad.com/pixiefreak/twisting-nether/wp-content/uploads/2018/10/team_logo_06.png"
         },
         {
            "name":"arthick",
            "teamlogo":"http://themes.pixiesquad.com/pixiefreak/twisting-nether/wp-content/uploads/2018/10/team_logo_02.png"
         }
      ]
   ],
   "results":[
      [
         [
            [
               1,
               2
            ],
            [
               2,
               1
            ],
            [
               3,
               4
            ],
            [
               4,
               5
            ]
         ],
         [
            [
               8,
               9
            ],
            [
               9,
               10
            ]
         ],
         [
            [
               11,
               12
            ]
         ]
      ]
   ]
}